{
    "boundary_compressor": {
        "3": {
            "control_type": 0,
            "value": 1.219272584
        }
    },
    "boundary_nonslack_flow": {
        "3": 150,
        "5": 124.9999828
    },
    "boundary_pslack": {
        "4": 3447378.645,
        "7": 3447378.645
    }
}